benchmark,leader_opt,second_opt,paired_executable,relative_folder,total_runs,masked,sdc,crash_hang,masked_rate,sdc_rate,crash_hang_rate,avg_time,median_time
qsort_small,cse,,exec_qsort_small_early-cse,leader-cse/exec_qsort_small_early-cse,1000,370,175,455,0.370000,0.175000,0.455000,0.006055,0.006041
qsort_small,cse,early-cse,exec_qsort_small_early-cse_early-cse,leader-cse/exec_qsort_small_early-cse_early-cse,1000,409,162,429,0.409000,0.162000,0.429000,0.005975,0.005979
qsort_small,cse,gvn,exec_qsort_small_early-cse_gvn,leader-cse/exec_qsort_small_early-cse_gvn,1000,402,163,435,0.402000,0.163000,0.435000,0.005915,0.005905
qsort_small,cse,inline,exec_qsort_small_early-cse_inline,leader-cse/exec_qsort_small_early-cse_inline,1000,391,180,429,0.391000,0.180000,0.429000,0.006055,0.005946
qsort_small,cse,instcombine,exec_qsort_small_early-cse_instcombine,leader-cse/exec_qsort_small_early-cse_instcombine,1000,446,143,411,0.446000,0.143000,0.411000,0.005830,0.005811
qsort_small,cse,ipsccp,exec_qsort_small_early-cse_ipsccp,leader-cse/exec_qsort_small_early-cse_ipsccp,1000,392,170,438,0.392000,0.170000,0.438000,0.005883,0.005887
qsort_small,cse,licm,exec_qsort_small_early-cse_licm,leader-cse/exec_qsort_small_early-cse_licm,1000,416,146,438,0.416000,0.146000,0.438000,0.005869,0.005872
qsort_small,cse,loop-reduce,exec_qsort_small_early-cse_loop-reduce,leader-cse/exec_qsort_small_early-cse_loop-reduce,1000,392,168,440,0.392000,0.168000,0.440000,0.005969,0.005949
qsort_small,cse,loop-unroll,exec_qsort_small_early-cse_loop-unroll,leader-cse/exec_qsort_small_early-cse_loop-unroll,1000,394,162,444,0.394000,0.162000,0.444000,0.005962,0.005958
qsort_small,cse,sccp,exec_qsort_small_early-cse_sccp,leader-cse/exec_qsort_small_early-cse_sccp,1000,385,168,447,0.385000,0.168000,0.447000,0.005826,0.005822
qsort_small,cse,simple-loop-unswitch,exec_qsort_small_early-cse_simple-loop-unswitch,leader-cse/exec_qsort_small_early-cse_simple-loop-unswitch,1000,348,179,473,0.348000,0.179000,0.473000,0.006407,0.006339
qsort_small,gvn,,exec_qsort_small_gvn,leader-gvn/exec_qsort_small_gvn,1000,401,183,416,0.401000,0.183000,0.416000,0.006104,0.006075
qsort_small,gvn,early-cse,exec_qsort_small_gvn_early-cse,leader-gvn/exec_qsort_small_gvn_early-cse,1000,386,179,435,0.386000,0.179000,0.435000,0.006046,0.006037
qsort_small,gvn,gvn,exec_qsort_small_gvn_gvn,leader-gvn/exec_qsort_small_gvn_gvn,1000,389,167,444,0.389000,0.167000,0.444000,0.005813,0.005824
qsort_small,gvn,inline,exec_qsort_small_gvn_inline,leader-gvn/exec_qsort_small_gvn_inline,1000,402,166,432,0.402000,0.166000,0.432000,0.006134,0.006113
qsort_small,gvn,instcombine,exec_qsort_small_gvn_instcombine,leader-gvn/exec_qsort_small_gvn_instcombine,1000,445,169,386,0.445000,0.169000,0.386000,0.005437,0.005426
qsort_small,gvn,ipsccp,exec_qsort_small_gvn_ipsccp,leader-gvn/exec_qsort_small_gvn_ipsccp,1000,382,176,442,0.382000,0.176000,0.442000,0.006033,0.006029
qsort_small,gvn,licm,exec_qsort_small_gvn_licm,leader-gvn/exec_qsort_small_gvn_licm,1000,434,158,408,0.434000,0.158000,0.408000,0.006071,0.005993
qsort_small,gvn,loop-reduce,exec_qsort_small_gvn_loop-reduce,leader-gvn/exec_qsort_small_gvn_loop-reduce,1000,398,151,451,0.398000,0.151000,0.451000,0.005999,0.005930
qsort_small,gvn,loop-unroll,exec_qsort_small_gvn_loop-unroll,leader-gvn/exec_qsort_small_gvn_loop-unroll,1000,420,170,410,0.420000,0.170000,0.410000,0.005919,0.005897
qsort_small,gvn,sccp,exec_qsort_small_gvn_sccp,leader-gvn/exec_qsort_small_gvn_sccp,1000,393,196,411,0.393000,0.196000,0.411000,0.006030,0.005942
qsort_small,gvn,simple-loop-unswitch,exec_qsort_small_gvn_simple-loop-unswitch,leader-gvn/exec_qsort_small_gvn_simple-loop-unswitch,1000,396,174,430,0.396000,0.174000,0.430000,0.005868,0.005838
qsort_small,inline,,exec_qsort_small_inline,leader-inline/exec_qsort_small_inline,1000,391,142,467,0.391000,0.142000,0.467000,0.005994,0.006009
qsort_small,inline,early-cse,exec_qsort_small_inline_early-cse,leader-inline/exec_qsort_small_inline_early-cse,1000,389,185,426,0.389000,0.185000,0.426000,0.005951,0.005959
qsort_small,inline,gvn,exec_qsort_small_inline_gvn,leader-inline/exec_qsort_small_inline_gvn,1000,424,174,402,0.424000,0.174000,0.402000,0.005974,0.005943
qsort_small,inline,inline,exec_qsort_small_inline_inline,leader-inline/exec_qsort_small_inline_inline,1000,356,172,472,0.356000,0.172000,0.472000,0.006066,0.006043
qsort_small,inline,instcombine,exec_qsort_small_inline_instcombine,leader-inline/exec_qsort_small_inline_instcombine,1000,372,182,446,0.372000,0.182000,0.446000,0.005611,0.005624
qsort_small,inline,ipsccp,exec_qsort_small_inline_ipsccp,leader-inline/exec_qsort_small_inline_ipsccp,1000,389,144,467,0.389000,0.144000,0.467000,0.006007,0.006000
qsort_small,inline,licm,exec_qsort_small_inline_licm,leader-inline/exec_qsort_small_inline_licm,1000,378,164,458,0.378000,0.164000,0.458000,0.006182,0.006150
qsort_small,inline,loop-reduce,exec_qsort_small_inline_loop-reduce,leader-inline/exec_qsort_small_inline_loop-reduce,1000,366,162,472,0.366000,0.162000,0.472000,0.006057,0.006045
qsort_small,inline,loop-unroll,exec_qsort_small_inline_loop-unroll,leader-inline/exec_qsort_small_inline_loop-unroll,1000,364,147,489,0.364000,0.147000,0.489000,0.005978,0.005956
qsort_small,inline,sccp,exec_qsort_small_inline_sccp,leader-inline/exec_qsort_small_inline_sccp,1000,358,176,466,0.358000,0.176000,0.466000,0.005919,0.005928
qsort_small,inline,simple-loop-unswitch,exec_qsort_small_inline_simple-loop-unswitch,leader-inline/exec_qsort_small_inline_simple-loop-unswitch,1000,376,160,464,0.376000,0.160000,0.464000,0.005989,0.005986
qsort_small,instcombine,,exec_qsort_small_instcombine,leader-instcombine/exec_qsort_small_instcombine,1000,389,164,447,0.389000,0.164000,0.447000,0.005549,0.005541
qsort_small,instcombine,early-cse,exec_qsort_small_instcombine_early-cse,leader-instcombine/exec_qsort_small_instcombine_early-cse,1000,425,171,404,0.425000,0.171000,0.404000,0.005904,0.005811
qsort_small,instcombine,gvn,exec_qsort_small_instcombine_gvn,leader-instcombine/exec_qsort_small_instcombine_gvn,1000,451,174,375,0.451000,0.174000,0.375000,0.005574,0.005569
qsort_small,instcombine,inline,exec_qsort_small_instcombine_inline,leader-instcombine/exec_qsort_small_instcombine_inline,1000,394,169,437,0.394000,0.169000,0.437000,0.005687,0.005635
qsort_small,instcombine,instcombine,exec_qsort_small_instcombine_instcombine,leader-instcombine/exec_qsort_small_instcombine_instcombine,1000,399,167,434,0.399000,0.167000,0.434000,0.005606,0.005619
qsort_small,instcombine,ipsccp,exec_qsort_small_instcombine_ipsccp,leader-instcombine/exec_qsort_small_instcombine_ipsccp,1000,404,155,441,0.404000,0.155000,0.441000,0.005598,0.005612
qsort_small,instcombine,licm,exec_qsort_small_instcombine_licm,leader-instcombine/exec_qsort_small_instcombine_licm,1000,421,150,429,0.421000,0.150000,0.429000,0.005862,0.005726
qsort_small,instcombine,loop-reduce,exec_qsort_small_instcombine_loop-reduce,leader-instcombine/exec_qsort_small_instcombine_loop-reduce,1000,408,178,414,0.408000,0.178000,0.414000,0.005736,0.005741
qsort_small,instcombine,loop-unroll,exec_qsort_small_instcombine_loop-unroll,leader-instcombine/exec_qsort_small_instcombine_loop-unroll,1000,389,148,463,0.389000,0.148000,0.463000,0.005548,0.005535
qsort_small,instcombine,sccp,exec_qsort_small_instcombine_sccp,leader-instcombine/exec_qsort_small_instcombine_sccp,1000,395,155,450,0.395000,0.155000,0.450000,0.005824,0.005777
qsort_small,instcombine,simple-loop-unswitch,exec_qsort_small_instcombine_simple-loop-unswitch,leader-instcombine/exec_qsort_small_instcombine_simple-loop-unswitch,1000,383,175,442,0.383000,0.175000,0.442000,0.005775,0.005761
qsort_small,ipsccp,,exec_qsort_small_ipsccp,leader-ipsccp/exec_qsort_small_ipsccp,1000,351,158,491,0.351000,0.158000,0.491000,0.006164,0.006097
qsort_small,ipsccp,early-cse,exec_qsort_small_ipsccp_early-cse,leader-ipsccp/exec_qsort_small_ipsccp_early-cse,1000,395,164,441,0.395000,0.164000,0.441000,0.005899,0.005903
qsort_small,ipsccp,gvn,exec_qsort_small_ipsccp_gvn,leader-ipsccp/exec_qsort_small_ipsccp_gvn,1000,408,184,408,0.408000,0.184000,0.408000,0.006083,0.006059
qsort_small,ipsccp,inline,exec_qsort_small_ipsccp_inline,leader-ipsccp/exec_qsort_small_ipsccp_inline,1000,363,182,455,0.363000,0.182000,0.455000,0.006067,0.006069
qsort_small,ipsccp,instcombine,exec_qsort_small_ipsccp_instcombine,leader-ipsccp/exec_qsort_small_ipsccp_instcombine,1000,394,169,437,0.394000,0.169000,0.437000,0.005916,0.005884
qsort_small,ipsccp,ipsccp,exec_qsort_small_ipsccp_ipsccp,leader-ipsccp/exec_qsort_small_ipsccp_ipsccp,1000,364,185,451,0.364000,0.185000,0.451000,0.006435,0.006369
qsort_small,ipsccp,licm,exec_qsort_small_ipsccp_licm,leader-ipsccp/exec_qsort_small_ipsccp_licm,1000,405,144,451,0.405000,0.144000,0.451000,0.006272,0.006258
qsort_small,ipsccp,loop-reduce,exec_qsort_small_ipsccp_loop-reduce,leader-ipsccp/exec_qsort_small_ipsccp_loop-reduce,1000,381,164,455,0.381000,0.164000,0.455000,0.006089,0.006084
qsort_small,ipsccp,loop-unroll,exec_qsort_small_ipsccp_loop-unroll,leader-ipsccp/exec_qsort_small_ipsccp_loop-unroll,1000,358,190,452,0.358000,0.190000,0.452000,0.006372,0.006308
qsort_small,ipsccp,sccp,exec_qsort_small_ipsccp_sccp,leader-ipsccp/exec_qsort_small_ipsccp_sccp,1000,388,151,461,0.388000,0.151000,0.461000,0.006126,0.006136
qsort_small,ipsccp,simple-loop-unswitch,exec_qsort_small_ipsccp_simple-loop-unswitch,leader-ipsccp/exec_qsort_small_ipsccp_simple-loop-unswitch,1000,369,167,464,0.369000,0.167000,0.464000,0.006364,0.006135
qsort_small,licm,,exec_qsort_small_licm,leader-licm/exec_qsort_small_licm,1000,371,171,458,0.371000,0.171000,0.458000,0.005984,0.005985
qsort_small,licm,early-cse,exec_qsort_small_licm_early-cse,leader-licm/exec_qsort_small_licm_early-cse,1000,398,187,415,0.398000,0.187000,0.415000,0.005945,0.005938
qsort_small,licm,gvn,exec_qsort_small_licm_gvn,leader-licm/exec_qsort_small_licm_gvn,1000,386,186,428,0.386000,0.186000,0.428000,0.006117,0.006014
qsort_small,licm,inline,exec_qsort_small_licm_inline,leader-licm/exec_qsort_small_licm_inline,1000,388,168,444,0.388000,0.168000,0.444000,0.006197,0.006184
qsort_small,licm,instcombine,exec_qsort_small_licm_instcombine,leader-licm/exec_qsort_small_licm_instcombine,1000,397,205,398,0.397000,0.205000,0.398000,0.005706,0.005697
qsort_small,licm,ipsccp,exec_qsort_small_licm_ipsccp,leader-licm/exec_qsort_small_licm_ipsccp,1000,397,177,426,0.397000,0.177000,0.426000,0.006121,0.006108
qsort_small,licm,licm,exec_qsort_small_licm_licm,leader-licm/exec_qsort_small_licm_licm,1000,388,153,459,0.388000,0.153000,0.459000,0.006019,0.006006
qsort_small,licm,loop-reduce,exec_qsort_small_licm_loop-reduce,leader-licm/exec_qsort_small_licm_loop-reduce,1000,371,156,473,0.371000,0.156000,0.473000,0.006116,0.006118
qsort_small,licm,loop-unroll,exec_qsort_small_licm_loop-unroll,leader-licm/exec_qsort_small_licm_loop-unroll,1000,386,153,461,0.386000,0.153000,0.461000,0.006023,0.005965
qsort_small,licm,sccp,exec_qsort_small_licm_sccp,leader-licm/exec_qsort_small_licm_sccp,1000,395,168,437,0.395000,0.168000,0.437000,0.006009,0.006024
qsort_small,licm,simple-loop-unswitch,exec_qsort_small_licm_simple-loop-unswitch,leader-licm/exec_qsort_small_licm_simple-loop-unswitch,1000,386,193,421,0.386000,0.193000,0.421000,0.006006,0.006003
qsort_small,loop-reduce,,exec_qsort_small_loop-reduce,leader-loop-reduce/exec_qsort_small_loop-reduce,1000,385,156,459,0.385000,0.156000,0.459000,0.006061,0.005984
qsort_small,loop-reduce,early-cse,exec_qsort_small_loop-reduce_early-cse,leader-loop-reduce/exec_qsort_small_loop-reduce_early-cse,1000,360,190,450,0.360000,0.190000,0.450000,0.006000,0.005995
qsort_small,loop-reduce,gvn,exec_qsort_small_loop-reduce_gvn,leader-loop-reduce/exec_qsort_small_loop-reduce_gvn,1000,377,178,445,0.377000,0.178000,0.445000,0.005806,0.005817
qsort_small,loop-reduce,inline,exec_qsort_small_loop-reduce_inline,leader-loop-reduce/exec_qsort_small_loop-reduce_inline,1000,352,170,478,0.352000,0.170000,0.478000,0.006047,0.006061
qsort_small,loop-reduce,instcombine,exec_qsort_small_loop-reduce_instcombine,leader-loop-reduce/exec_qsort_small_loop-reduce_instcombine,1000,408,168,424,0.408000,0.168000,0.424000,0.005732,0.005710
qsort_small,loop-reduce,ipsccp,exec_qsort_small_loop-reduce_ipsccp,leader-loop-reduce/exec_qsort_small_loop-reduce_ipsccp,1000,354,166,480,0.354000,0.166000,0.480000,0.006070,0.006064
qsort_small,loop-reduce,licm,exec_qsort_small_loop-reduce_licm,leader-loop-reduce/exec_qsort_small_loop-reduce_licm,1000,376,177,447,0.376000,0.177000,0.447000,0.006242,0.006170
qsort_small,loop-reduce,loop-reduce,exec_qsort_small_loop-reduce_loop-reduce,leader-loop-reduce/exec_qsort_small_loop-reduce_loop-reduce,1000,389,159,452,0.389000,0.159000,0.452000,0.006028,0.006021
qsort_small,loop-reduce,loop-unroll,exec_qsort_small_loop-reduce_loop-unroll,leader-loop-reduce/exec_qsort_small_loop-reduce_loop-unroll,1000,370,166,464,0.370000,0.166000,0.464000,0.006085,0.006087
qsort_small,loop-reduce,sccp,exec_qsort_small_loop-reduce_sccp,leader-loop-reduce/exec_qsort_small_loop-reduce_sccp,1000,372,171,457,0.372000,0.171000,0.457000,0.005969,0.005963
qsort_small,loop-reduce,simple-loop-unswitch,exec_qsort_small_loop-reduce_simple-loop-unswitch,leader-loop-reduce/exec_qsort_small_loop-reduce_simple-loop-unswitch,1000,356,177,467,0.356000,0.177000,0.467000,0.005996,0.005970
qsort_small,loop-unroll,,exec_qsort_small_loop-unroll,leader-loop-unroll/exec_qsort_small_loop-unroll,1000,386,166,448,0.386000,0.166000,0.448000,0.006271,0.006126
qsort_small,loop-unroll,early-cse,exec_qsort_small_loop-unroll_early-cse,leader-loop-unroll/exec_qsort_small_loop-unroll_early-cse,1000,390,164,446,0.390000,0.164000,0.446000,0.005958,0.005955
qsort_small,loop-unroll,gvn,exec_qsort_small_loop-unroll_gvn,leader-loop-unroll/exec_qsort_small_loop-unroll_gvn,1000,368,193,439,0.368000,0.193000,0.439000,0.006036,0.005931
qsort_small,loop-unroll,inline,exec_qsort_small_loop-unroll_inline,leader-loop-unroll/exec_qsort_small_loop-unroll_inline,1000,372,174,454,0.372000,0.174000,0.454000,0.006039,0.006029
qsort_small,loop-unroll,instcombine,exec_qsort_small_loop-unroll_instcombine,leader-loop-unroll/exec_qsort_small_loop-unroll_instcombine,1000,412,167,421,0.412000,0.167000,0.421000,0.005807,0.005788
qsort_small,loop-unroll,ipsccp,exec_qsort_small_loop-unroll_ipsccp,leader-loop-unroll/exec_qsort_small_loop-unroll_ipsccp,1000,383,168,449,0.383000,0.168000,0.449000,0.006122,0.006113
qsort_small,loop-unroll,licm,exec_qsort_small_loop-unroll_licm,leader-loop-unroll/exec_qsort_small_loop-unroll_licm,1000,354,170,476,0.354000,0.170000,0.476000,0.005911,0.005918
qsort_small,loop-unroll,loop-reduce,exec_qsort_small_loop-unroll_loop-reduce,leader-loop-unroll/exec_qsort_small_loop-unroll_loop-reduce,1000,369,163,468,0.369000,0.163000,0.468000,0.006248,0.006112
qsort_small,loop-unroll,loop-unroll,exec_qsort_small_loop-unroll_loop-unroll,leader-loop-unroll/exec_qsort_small_loop-unroll_loop-unroll,1000,387,172,441,0.387000,0.172000,0.441000,0.006078,0.006062
qsort_small,loop-unroll,sccp,exec_qsort_small_loop-unroll_sccp,leader-loop-unroll/exec_qsort_small_loop-unroll_sccp,1000,366,159,475,0.366000,0.159000,0.475000,0.006373,0.006323
qsort_small,loop-unroll,simple-loop-unswitch,exec_qsort_small_loop-unroll_simple-loop-unswitch,leader-loop-unroll/exec_qsort_small_loop-unroll_simple-loop-unswitch,1000,381,174,445,0.381000,0.174000,0.445000,0.006573,0.006387
qsort_small,sccp,,exec_qsort_small_sccp,leader-sccp/exec_qsort_small_sccp,1000,382,174,444,0.382000,0.174000,0.444000,0.006248,0.006112
qsort_small,sccp,early-cse,exec_qsort_small_sccp_early-cse,leader-sccp/exec_qsort_small_sccp_early-cse,1000,371,142,487,0.371000,0.142000,0.487000,0.005880,0.005869
qsort_small,sccp,gvn,exec_qsort_small_sccp_gvn,leader-sccp/exec_qsort_small_sccp_gvn,1000,389,174,437,0.389000,0.174000,0.437000,0.005940,0.005865
qsort_small,sccp,inline,exec_qsort_small_sccp_inline,leader-sccp/exec_qsort_small_sccp_inline,1000,413,161,426,0.413000,0.161000,0.426000,0.006155,0.006028
qsort_small,sccp,instcombine,exec_qsort_small_sccp_instcombine,leader-sccp/exec_qsort_small_sccp_instcombine,1000,372,184,444,0.372000,0.184000,0.444000,0.005586,0.005595
qsort_small,sccp,ipsccp,exec_qsort_small_sccp_ipsccp,leader-sccp/exec_qsort_small_sccp_ipsccp,1000,365,170,465,0.365000,0.170000,0.465000,0.006121,0.006130
qsort_small,sccp,licm,exec_qsort_small_sccp_licm,leader-sccp/exec_qsort_small_sccp_licm,1000,387,160,453,0.387000,0.160000,0.453000,0.006183,0.006095
qsort_small,sccp,loop-reduce,exec_qsort_small_sccp_loop-reduce,leader-sccp/exec_qsort_small_sccp_loop-reduce,1000,357,194,449,0.357000,0.194000,0.449000,0.005908,0.005899
qsort_small,sccp,loop-unroll,exec_qsort_small_sccp_loop-unroll,leader-sccp/exec_qsort_small_sccp_loop-unroll,1000,375,172,453,0.375000,0.172000,0.453000,0.005945,0.005957
qsort_small,sccp,sccp,exec_qsort_small_sccp_sccp,leader-sccp/exec_qsort_small_sccp_sccp,1000,382,162,456,0.382000,0.162000,0.456000,0.006040,0.006037
qsort_small,sccp,simple-loop-unswitch,exec_qsort_small_sccp_simple-loop-unswitch,leader-sccp/exec_qsort_small_sccp_simple-loop-unswitch,1000,346,171,483,0.346000,0.171000,0.483000,0.006023,0.006012
qsort_small,unswitch,,exec_qsort_small_simple-loop-unswitch,leader-unswitch/exec_qsort_small_simple-loop-unswitch,1000,377,185,438,0.377000,0.185000,0.438000,0.006313,0.006292
qsort_small,unswitch,early-cse,exec_qsort_small_simple-loop-unswitch_early-cse,leader-unswitch/exec_qsort_small_simple-loop-unswitch_early-cse,1000,377,166,457,0.377000,0.166000,0.457000,0.005951,0.005943
qsort_small,unswitch,gvn,exec_qsort_small_simple-loop-unswitch_gvn,leader-unswitch/exec_qsort_small_simple-loop-unswitch_gvn,1000,379,186,435,0.379000,0.186000,0.435000,0.006180,0.006113
qsort_small,unswitch,inline,exec_qsort_small_simple-loop-unswitch_inline,leader-unswitch/exec_qsort_small_simple-loop-unswitch_inline,1000,381,160,459,0.381000,0.160000,0.459000,0.006086,0.006097
qsort_small,unswitch,instcombine,exec_qsort_small_simple-loop-unswitch_instcombine,leader-unswitch/exec_qsort_small_simple-loop-unswitch_instcombine,1000,427,130,443,0.427000,0.130000,0.443000,0.005731,0.005727
qsort_small,unswitch,ipsccp,exec_qsort_small_simple-loop-unswitch_ipsccp,leader-unswitch/exec_qsort_small_simple-loop-unswitch_ipsccp,1000,359,148,493,0.359000,0.148000,0.493000,0.006094,0.006052
qsort_small,unswitch,licm,exec_qsort_small_simple-loop-unswitch_licm,leader-unswitch/exec_qsort_small_simple-loop-unswitch_licm,1000,359,132,509,0.359000,0.132000,0.509000,0.006056,0.006047
qsort_small,unswitch,loop-reduce,exec_qsort_small_simple-loop-unswitch_loop-reduce,leader-unswitch/exec_qsort_small_simple-loop-unswitch_loop-reduce,1000,384,152,464,0.384000,0.152000,0.464000,0.006146,0.006138
qsort_small,unswitch,loop-unroll,exec_qsort_small_simple-loop-unswitch_loop-unroll,leader-unswitch/exec_qsort_small_simple-loop-unswitch_loop-unroll,1000,342,168,490,0.342000,0.168000,0.490000,0.006063,0.006062
qsort_small,unswitch,sccp,exec_qsort_small_simple-loop-unswitch_sccp,leader-unswitch/exec_qsort_small_simple-loop-unswitch_sccp,1000,359,164,477,0.359000,0.164000,0.477000,0.005835,0.005852
qsort_small,unswitch,simple-loop-unswitch,exec_qsort_small_simple-loop-unswitch_simple-loop-unswitch,leader-unswitch/exec_qsort_small_simple-loop-unswitch_simple-loop-unswitch,1000,353,168,479,0.353000,0.168000,0.479000,0.006135,0.006134
